{
    "name": "root",
    "gauges": {
        "WeightAgent_Training.Policy.Entropy.mean": {
            "value": 1.8955771923065186,
            "min": 1.8955771923065186,
            "max": 1.9053279161453247,
            "count": 4
        },
        "WeightAgent_Training.Policy.Entropy.sum": {
            "value": 18197.541015625,
            "min": 18197.541015625,
            "max": 22731.22265625,
            "count": 4
        },
        "WeightAgent_Training.GoalWeight.mean": {
            "value": 1.0997169017791748,
            "min": 1.0997169017791748,
            "max": 1.0997169017791748,
            "count": 4
        },
        "WeightAgent_Training.GoalWeight.sum": {
            "value": 2533.7477416992188,
            "min": 2533.7477416992188,
            "max": 3155.0877912044525,
            "count": 4
        },
        "WeightAgent_Training.CollideWeight.mean": {
            "value": 1.654780387878418,
            "min": 1.654780387878418,
            "max": 1.654780387878418,
            "count": 4
        },
        "WeightAgent_Training.CollideWeight.sum": {
            "value": 3812.614013671875,
            "min": 3812.614013671875,
            "max": 4747.564932823181,
            "count": 4
        },
        "WeightAgent_Training.GroupWeight.mean": {
            "value": 4.900302886962891,
            "min": 4.900302886962891,
            "max": 4.900302886962891,
            "count": 4
        },
        "WeightAgent_Training.GroupWeight.sum": {
            "value": 11290.2978515625,
            "min": 11290.2978515625,
            "max": 14058.968982696533,
            "count": 4
        },
        "WeightAgent_Training.InteractWeight.mean": {
            "value": -2.9703283309936523,
            "min": -2.9703283309936523,
            "max": -2.9703283309936523,
            "count": 4
        },
        "WeightAgent_Training.InteractWeight.sum": {
            "value": -6843.636474609375,
            "min": -8521.871981620789,
            "max": -6843.636474609375,
            "count": 4
        },
        "WeightAgent_Training.Environment.EpisodeLength.mean": {
            "value": 829.0,
            "min": 81.2,
            "max": 829.0,
            "count": 4
        },
        "WeightAgent_Training.Environment.EpisodeLength.sum": {
            "value": 829.0,
            "min": 829.0,
            "max": 2597.0,
            "count": 4
        },
        "WeightAgent_Training.Step.mean": {
            "value": 39956.0,
            "min": 9964.0,
            "max": 39956.0,
            "count": 4
        },
        "WeightAgent_Training.Step.sum": {
            "value": 39956.0,
            "min": 9964.0,
            "max": 39956.0,
            "count": 4
        },
        "WeightAgent_Training.Policy.ExtrinsicValueEstimate.mean": {
            "value": 4.727234363555908,
            "min": 4.727234363555908,
            "max": 5.8216047286987305,
            "count": 4
        },
        "WeightAgent_Training.Policy.ExtrinsicValueEstimate.sum": {
            "value": 737.4485473632812,
            "min": 737.4485473632812,
            "max": 972.2080078125,
            "count": 4
        },
        "WeightAgent_Training.Environment.CumulativeReward.mean": {
            "value": 0.5107645681127906,
            "min": -1.8117024397943169,
            "max": 0.5107645681127906,
            "count": 4
        },
        "WeightAgent_Training.Environment.CumulativeReward.sum": {
            "value": 0.5107645681127906,
            "min": -18.94923133775592,
            "max": 0.5107645681127906,
            "count": 4
        },
        "WeightAgent_Training.Policy.ExtrinsicReward.mean": {
            "value": 0.5107645681127906,
            "min": -1.8117024397943169,
            "max": 0.5107645681127906,
            "count": 4
        },
        "WeightAgent_Training.Policy.ExtrinsicReward.sum": {
            "value": 0.5107645681127906,
            "min": -18.94923133775592,
            "max": 0.5107645681127906,
            "count": 4
        },
        "WeightAgent_Training.IsTraining.mean": {
            "value": 1.0,
            "min": 1.0,
            "max": 1.0,
            "count": 4
        },
        "WeightAgent_Training.IsTraining.sum": {
            "value": 1.0,
            "min": 1.0,
            "max": 1.0,
            "count": 4
        },
        "WeightAgent_Training.Losses.PolicyLoss.mean": {
            "value": 0.02526740243192762,
            "min": 0.023340130979759677,
            "max": 0.025567113266636927,
            "count": 3
        },
        "WeightAgent_Training.Losses.PolicyLoss.sum": {
            "value": 0.02526740243192762,
            "min": 0.023340130979759677,
            "max": 0.025567113266636927,
            "count": 3
        },
        "WeightAgent_Training.Losses.ValueLoss.mean": {
            "value": 0.6921132425467174,
            "min": 0.6921132425467174,
            "max": 7.6183631058895225,
            "count": 3
        },
        "WeightAgent_Training.Losses.ValueLoss.sum": {
            "value": 0.6921132425467174,
            "min": 0.6921132425467174,
            "max": 7.6183631058895225,
            "count": 3
        },
        "WeightAgent_Training.Policy.LearningRate.mean": {
            "value": 0.00029998363700545433,
            "min": 0.00029998363700545433,
            "max": 0.000299993898002034,
            "count": 3
        },
        "WeightAgent_Training.Policy.LearningRate.sum": {
            "value": 0.00029998363700545433,
            "min": 0.00029998363700545433,
            "max": 0.000299993898002034,
            "count": 3
        },
        "WeightAgent_Training.Policy.Epsilon.mean": {
            "value": 0.1999945456666667,
            "min": 0.1999945456666667,
            "max": 0.19999796600000003,
            "count": 3
        },
        "WeightAgent_Training.Policy.Epsilon.sum": {
            "value": 0.1999945456666667,
            "min": 0.1999945456666667,
            "max": 0.19999796600000003,
            "count": 3
        },
        "WeightAgent_Training.Policy.Beta.mean": {
            "value": 0.004999727828766668,
            "min": 0.004999727828766668,
            "max": 0.0049998985034000005,
            "count": 3
        },
        "WeightAgent_Training.Policy.Beta.sum": {
            "value": 0.004999727828766668,
            "min": 0.004999727828766668,
            "max": 0.0049998985034000005,
            "count": 3
        }
    },
    "metadata": {
        "timer_format_version": "0.1.0",
        "start_time_seconds": "1767082210",
        "python_version": "3.8.20 (default, Oct  3 2024, 15:19:54) [MSC v.1929 64 bit (AMD64)]",
        "command_line_arguments": "C:\\Users\\iiixr\\Anaconda3\\envs\\ccp_env\\Scripts\\mlagents-learn .\\config\\WeightAgent_Training.yaml --run-id=WeightAgent_Training",
        "mlagents_version": "0.27.0",
        "mlagents_envs_version": "0.27.0",
        "communication_protocol_version": "1.5.0",
        "pytorch_version": "1.10.0+cpu",
        "numpy_version": "1.21.2",
        "end_time_seconds": "1767082303"
    },
    "total": 92.4445885,
    "count": 1,
    "self": 0.004746400000001927,
    "children": {
        "run_training.setup": {
            "total": 0.08483669999999988,
            "count": 1,
            "self": 0.08483669999999988
        },
        "TrainerController.start_learning": {
            "total": 92.3550054,
            "count": 1,
            "self": 0.01777869999985171,
            "children": {
                "TrainerController._reset_env": {
                    "total": 6.5478717,
                    "count": 1,
                    "self": 6.5478717
                },
                "TrainerController.advance": {
                    "total": 85.70324960000013,
                    "count": 1041,
                    "self": 0.01890030000004117,