{"count":1,"self":35.729887999999995,"total":37.2764022,"children":{"InitializeActuators":{"count":50,"self":0.0020028999999999997,"total":0.0020028999999999997,"children":null},"InitializeSensors":{"count":50,"self":0.0010004,"total":0.0010004,"children":null},"AgentSendState":{"count":816,"self":0.2968986,"total":0.313006,"children":{"CollectObservations":{"count":8200,"self":0.0049312,"total":0.0049312,"children":null},"WriteActionMask":{"count":8200,"self":0.0015405,"total":0.0015405,"children":null},"RequestDecision":{"count":8200,"self":0.0096356999999999988,"total":0.0096356999999999988,"children":null}}},"DecideAction":{"count":816,"self":0.1754423,"total":0.22656939999999998,"children":{"RayPerceptionSensor.Perceive":{"count":8200,"self":0.051127099999999995,"total":0.051127099999999995,"children":null}}},"AgentAct":{"count":816,"self":1.0029352999999999,"total":1.0029352999999999,"children":null}},"gauges":{"WeightAgent_Training.CumulativeReward":{"count":22,"max":1.70174122,"min":-1.68579781,"runningAverage":0.0137522835,"value":0.774157643,"weightedAverage":0.149707988}},"metadata":{"timer_format_version":"0.1.0","start_time_seconds":"1767082508","unity_version":"2022.3.45f1","command_line_arguments":"C:\\Program Files\\Unity\\Hub\\Editor\\2022.3.45f1\\Editor\\Unity.exe -projectPath C:\\Users\\iiixr\\Documents\\GitHub\\CCP\\Source","communication_protocol_version":"1.5.0","com.unity.ml-agents_version":"2.0.2","scene_name":"Zara01_Recon","end_time_seconds":"1767082545"}}